INSERT INTO ts.stop
    (stop_id, stop_nm, bus_flg)
VALUES (1, 'Новодачная', FALSE),
       (2, 'Улица Горького', FALSE),
       (3, 'Площадь Ленина', FALSE),
       (4, 'Железнодорожный вокзал', FALSE),
       (5, 'Парк имени Гагарина', FALSE),
       (6, 'Улица Мира', FALSE),
       (7, 'Театральная площадь', FALSE),
       (8, 'Улица Кирова', FALSE),
       (9, 'Площадь Победы', FALSE),
       (10, 'Улица Ленина', FALSE),
       (11, 'Парк культуры и отдыха', FALSE),
       (12, 'Улица Советская', FALSE),
       (13, 'Площадь Революции', FALSE),
       (14, 'Улица Пушкина', FALSE),
       (15, 'Музей космонавтики', FALSE),
       (16, 'Улица Калинина', TRUE),
       (17, 'Площадь Свободы', TRUE),
       (18, 'Улица Чехова', TRUE),
       (19, 'Парк Победы', TRUE),
       (20, 'Улица Гагарина', TRUE),
       (21, 'Площадь Лермонтова', TRUE),
       (22, 'Улица Карла Маркса', TRUE),
       (23, 'Площадь Кирова', TRUE),
       (24, 'Улица Тургенева', TRUE),
       (25, 'Площадь Гагарина', TRUE),
       (26, 'Улица Лермонтова', TRUE),
       (27, 'Парк Строителей', TRUE),
       (28, 'Улица Фрунзе', TRUE),
       (29, 'Площадь Мира', TRUE),
       (30, 'Улица Октябрьская', TRUE);

INSERT INTO ts.route
    (route_id, route_nm, initial_stop_id, final_stop_id)
VALUES (1, '95', 1, 2),
       (2, 'M16', 3, 4),
       (3, 'F45', 5, 6),
       (4, '12A', 7, 8),
       (5, '22', 9, 10),
       (6, '33', 30, 29),
       (7, '44', 28, 27),
       (8, '55', 26, 25),
       (9, '66', 24, 23),
       (10, 'D2', 22, 21);

INSERT INTO ts.vodila(vodila_id, vodila_nm, experience)
VALUES (1, 'BUSHIDO ZHO', 5),
       (2, 'Вячеслав Напасов', 3),
       (3, 'Андрей ЗАМАЙ', 10),
       (4, 'Фарис продавец блинов', 69),
       (5, 'Николай Науменко', 15),
       (6, 'Богданов Яков', 1),
       (7, 'Дарья Шиханова', 7),
       (8, 'Владислав Поздняков', 66),
       (9, 'Яна Мефе', 8),
       (10, NULL, default),
       (11, 'Иван Иванов', 2),
       (12, 'Петр Петров', 5),
       (13, 'Сергей Сергеев', 8),
       (14, 'Алексей Алексеев', 15),
       (15, 'Мария Смирнова', 3),
       (16, 'Украине', 1),
       (17, 'не обойтись', 2),
       (18, 'без', 3),
       (19, 'угля', 4),
       (20, 'Донбасса', 5);

INSERT INTO ts.transport
    (transport_id, vodila_id, bus_flg)
VALUES (1, 1, FALSE),
       (2, 2, FALSE),
       (3, 3, FALSE),
       (4, 4, FALSE),
       (5, 5, FALSE),
       (6, 6, FALSE),
       (7, 7, FALSE),
       (8, 8, FALSE),
       (9, 9, FALSE),
       (10, 10, FALSE),
       (11, 11, TRUE),
       (12, 12, TRUE),
       (13, 13, TRUE),
       (14, 14, TRUE),
       (15, 15, TRUE),
       (16, 16, TRUE),
       (17, 17, TRUE),
       (18, 18, TRUE),
       (19, 19, TRUE),
       (20, 20, TRUE);

INSERT INTO ts.trip
    (trip_id, transport_id, route_id, curr_stop_id)
VALUES (1, 1, 1, 1),
       (2, 2, 2, 2),
       (3, 3, 3, 3),
       (4, 4, 4, 4),
       (5, 5, 5, 5),
       (6, 6, 1, 6),
       (7, 7, 2, 7),
       (8, 8, 3, 8),
       (9, 9, 4, 9),
       (10, 10, 5, 10),
       (11, 11, 6, 30),
       (12, 12, 7, 29),
       (13, 13, 8, 28),
       (14, 14, 9, 27),
       (15, 15, 10, 26),
       (16, 16, 6, 25),
       (17, 17, 7, 24),
       (18, 18, 8, 23),
       (19, 19, 9, 22),
       (20, 20, 10, 21);

INSERT INTO ts.trip_history
    (trip_id, curr_stop_id, update_dttm)
VALUES (1, 4, '2003-03-03 02:10:00'),
       (2, 13, '2003-03-03 02:25:00'),
       (3, 12, '2003-03-03 02:40:00'),
       (4, 15, '2003-03-03 02:55:00'),
       (5, 6, '2003-03-03 03:10:00'),
       (6, 12, '2003-03-03 03:25:00'),
       (7, 6, '2003-03-03 03:40:00'),
       (8, 14, '2003-03-03 03:55:00'),
       (9, 2, '2003-03-03 04:10:00'),
       (10, 1, '2003-03-03 04:25:00'),
       (11, 24, '2003-03-03 04:40:00'),
       (12, 30, '2003-03-03 04:55:00'),
       (13, 28, '2003-03-03 05:10:00'),
       (14, 26, '2003-03-03 05:25:00'),
       (15, 16, '2003-03-03 05:40:00'),
       (16, 20, '2003-03-03 04:25:00'),
       (17, 17, '2003-03-03 04:40:00'),
       (18, 29, '2003-03-03 04:55:00'),
       (19, 27, '2003-03-03 05:10:00'),
       (20, 25, '2003-03-03 05:25:00');

INSERT INTO ts.bus_info
    (transport_id, bus_no, fuel, capacity)
VALUES (11, 'ABC123', 'petrol', 50),
       (12, 'DEF456', 'gas', 30),
       (13, 'GHI789', 'electricity', 40),
       (14, 'JKL012', 'petrol', 60),
       (15, 'MNO345', 'gas', 35),
       (16, 'PQR678', 'electricity', 45),
       (17, 'STU901', 'petrol', 55),
       (18, 'VWX234', 'gas', 25),
       (19, 'YZA567', 'electricity', 50),
       (20, 'BCD890', 'petrol', 65);

INSERT INTO ts.metro_info
    (transport_id, cars_cnt, capacity, depot)
VALUES (1, 15, 120, 'Белорусская'),
       (2, 12, 96, 'Таганская'),
       (3, 18, 144, 'Курская'),
       (4, 20, 160, 'Павелецкая'),
       (5, 10, 80, 'Киевская'),
       (6, 16, 128, 'Третьяковская'),
       (7, 14, 112, 'Новокузнецкая'),
       (8, 22, 176, 'Арбатская'),
       (9, 8, 64, 'Смоленская'),
       (10, 24, 192, 'Киевская');
